year,player
2008,DS Kulkarni
2008,LA Pomersbach
2008,A Chopra
2008,LR Shukla
2008,B Chipli
2008,RR Raje
2008,DB Das
2008,DB Ravi Teja
2008,JDP Oram
2008,WA Mota
2008,SK Trivedi
2008,VRV Singh
2008,BAW Mendis
2008,Pankaj Singh
2008,L Ronchi
2008,AD Mascarenhas
2008,DR Smith
2008,S Anirudha
2008,MS Gony
2008,WPUJC Vaas
2008,R Vinay Kumar
2008,AM Rahane
2008,SD Chitnis
2008,Y Venugopal Rao
2008,YV Takawale
2008,B Akhil
2008,TM Srivastava
2008,M Manhas
2008,SA Asnodkar
2008,PJ Sangwan
2008,VY Mahesh
2008,NK Patel
2008,S Sohal
2008,MK Tiwary
2008,PR Shah
2008,R Bhatia
2008,M Rawat
2008,K Goel
2008,BJ Hodge
2008,Iqbal Abdulla
2008,DJ Bravo
2008,AM Nayar
2008,MF Maharoof
2008,L Balaji
2008,A Mishra
2008,AB Dinda
2008,SP Goswami
2009,DW Steyn
2009,T Thushara
2009,M Muralitharan
2009,VVS Laxman
2009,DS Kulkarni
2009,LA Pomersbach
2009,AS Raut
2009,DJ Hussey
2009,A Chopra
2009,LR Shukla
2009,RR Raje
2009,S Badrinath
2009,NV Ojha
2009,GJ Bailey
2009,KP Pietersen
2009,AB McDonald
2009,V Kohli
2009,GC Smith
2009,IK Pathan
2009,RV Uthappa
2009,Jaskaran Singh
2009,DB Ravi Teja
2009,JD Ryder
2009,JDP Oram
2009,I Sharma
2009,AA Bilakhia
2009,SK Raina
2009,RJ Harris
2009,SK Warne
2009,MV Boucher
2009,WA Mota
2009,SK Trivedi
2009,VRV Singh
2009,MS Dhoni
2009,BAW Mendis
2009,SM Katich
2009,J Botha
2009,M Morkel
2009,R Dravid
2009,RE van der Merwe
2009,CH Gayle
2009,RG Sharma
2009,SR Tendulkar
2009,RS Bopara
2009,Mashrafe Mortaza
2009,A Nehra
2009,TM Dilshan
2009,JA Morkel
2009,M Vijay
2009,Pankaj Singh
2009,L Ronchi
2009,A Symonds
2009,PP Ojha
2009,JH Kallis
2009,P Kumar
2009,JP Duminy
2009,AD Mathews
2009,AD Mascarenhas
2009,DPMD Jayawardene
2009,S Dhawan
2009,DR Smith
2009,MS Gony
2009,WPUJC Vaas
2009,BB McCullum
2009,YK Pathan
2009,R Vinay Kumar
2009,AM Rahane
2009,W Jaffer
2009,SD Chitnis
2009,MK Pandey
2009,Harbhajan Singh
2009,M Kartik
2009,S Sreesanth
2009,Y Venugopal Rao
2009,YV Takawale
2009,RA Jadeja
2009,KV Sharma
2009,SS Tiwary
2009,A Kumble
2009,AB Agarkar
2009,RR Powar
2009,R Bishnoi
2009,A Singh
2009,R Ashwin
2009,AC Gilchrist
2009,B Lee
2009,B Akhil
2009,TM Srivastava
2009,MC Henriques
2009,M Manhas
2009,PC Valthaty
2009,Y Nagar
2009,ML Hayden
2009,SA Asnodkar
2009,PJ Sangwan
2009,V Sehwag
2009,VY Mahesh
2009,NK Patel
2009,Yuvraj Singh
2009,DA Warner
2009,TL Suman
2009,AB de Villiers
2009,G Gambhir
2009,KD Karthik
2009,MM Patel
2009,S Sohal
2009,LRPL Taylor
2009,HH Gibbs
2009,PR Shah
2009,MK Tiwary
2009,R Bhatia
2009,ST Jayasuriya
2009,SL Malinga
2009,FH Edwards
2009,WP Saha
2009,M Rawat
2009,RP Singh
2009,BJ Hodge
2009,K Goel
2009,Harmeet Singh
2009,KP Appanna
2009,SC Ganguly
2009,Joginder Sharma
2009,DJ Bravo
2009,AM Nayar
2009,Anureet Singh
2009,MF Maharoof
2009,PA Patel
2009,L Balaji
2009,DL Vettori
2009,A Mishra
2009,Z Khan
2009,AB Dinda
2009,KC Sangakkara
2009,PP Chawla
2009,SB Styris
2009,SP Goswami
2010,SW Tait
2010,DW Steyn
2010,T Thushara
2010,UT Yadav
2010,M Muralitharan
2010,VVS Laxman
2010,DS Kulkarni
2010,OA Shah
2010,STR Binny
2010,AS Raut
2010,DJ Hussey
2010,SR Watson
2010,KAJ Roach
2010,LR Shukla
2010,JD Unadkat
2010,MS Bisla
2010,S Badrinath
2010,NV Ojha
2010,GJ Bailey
2010,KP Pietersen
2010,AB McDonald
2010,V Kohli
2010,IK Pathan
2010,GC Smith
2010,RV Uthappa
2010,AJ Finch
2010,Jaskaran Singh
2010,I Sharma
2010,AA Bilakhia
2010,SK Raina
2010,RJ Harris
2010,SE Marsh
2010,SK Warne
2010,M Kaif
2010,SK Trivedi
2010,MV Boucher
2010,VRV Singh
2010,MS Dhoni
2010,BAW Mendis
2010,M Morkel
2010,R Dravid
2010,RE van der Merwe
2010,CH Gayle
2010,RG Sharma
2010,SR Tendulkar
2010,RS Bopara
2010,A Nehra
2010,TM Dilshan
2010,M Vijay
2010,JA Morkel
2010,CL White
2010,Pankaj Singh
2010,A Symonds
2010,PP Ojha
2010,JH Kallis
2010,P Kumar
2010,AD Mathews
2010,JP Duminy
2010,AD Mascarenhas
2010,AN Ahmed
2010,DPMD Jayawardene
2010,S Dhawan
2010,DR Smith
2010,S Anirudha
2010,MS Gony
2010,WPUJC Vaas
2010,BB McCullum
2010,YK Pathan
2010,MEK Hussey
2010,DE Bollinger
2010,EJG Morgan
2010,R Vinay Kumar
2010,MD Mishra
2010,MK Pandey
2010,Harbhajan Singh
2010,M Kartik
2010,S Sreesanth
2010,Y Venugopal Rao
2010,SS Tiwary
2010,A Kumble
2010,AB Agarkar
2010,RR Powar
2010,AP Tare
2010,R Ashwin
2010,AC Gilchrist
2010,Mandeep Singh
2010,B Lee
2010,B Akhil
2010,AG Murtaza
2010,MC Henriques
2010,M Manhas
2010,Y Nagar
2010,ML Hayden
2010,AT Rayudu
2010,PJ Sangwan
2010,SA Asnodkar
2010,V Sehwag
2010,VY Mahesh
2010,Yuvraj Singh
2010,DA Warner
2010,NLTC Perera
2010,TL Suman
2010,Bipul Sharma
2010,AB de Villiers
2010,G Gambhir
2010,KD Karthik
2010,KA Pollard
2010,MM Patel
2010,LRPL Taylor
2010,HH Gibbs
2010,MK Tiwary
2010,MR Marsh
2010,CA Pujara
2010,R Bhatia
2010,ST Jayasuriya
2010,SL Malinga
2010,WP Saha
2010,RP Singh
2010,BJ Hodge
2010,K Goel
2010,Iqbal Abdulla
2010,KM Jadhav
2010,KP Appanna
2010,Harmeet Singh
2010,SC Ganguly
2010,Joginder Sharma
2010,DJ Bravo
2010,AM Nayar
2010,MF Maharoof
2010,PA Patel
2010,L Balaji
2010,DL Vettori
2010,A Mishra
2010,Z Khan
2010,AB Dinda
2010,KC Sangakkara
2010,PD Collingwood
2010,PP Chawla
2010,R Sharma
2010,SP Goswami
2011,SW Tait
2011,DW Steyn
2011,UT Yadav
2011,M Muralitharan
2011,VVS Laxman
2011,DS Kulkarni
2011,AA Chavan
2011,SB Styris
2011,OA Shah
2011,LA Pomersbach
2011,STR Binny
2011,AS Raut
2011,DJ Hussey
2011,DJ Jacobs
2011,LR Shukla
2011,B Chipli
2011,JD Unadkat
2011,KMDN Kulasekara
2011,MS Bisla
2011,S Badrinath
2011,NV Ojha
2011,AB McDonald
2011,IK Pathan
2011,GC Smith
2011,Shakib Al Hasan
2011,RN ten Doeschate
2011,AUK Pathan
2011,S Aravind
2011,DT Christian
2011,RV Uthappa
2011,AJ Finch
2011,DB Ravi Teja
2011,JD Ryder
2011,I Sharma
2011,JDP Oram
2011,RJ Harris
2011,SE Marsh
2011,Anand Rajan
2011,M Kaif
2011,MV Boucher
2011,SK Trivedi
2011,TG Southee
2011,J Botha
2011,M Morkel
2011,R Dravid
2011,RE van der Merwe
2011,CH Gayle
2011,RG Sharma
2011,TM Dilshan
2011,CL White
2011,Pankaj Singh
2011,JP Faulkner
2011,A Symonds
2011,PP Ojha
2011,JH Kallis
2011,P Kumar
2011,JP Duminy
2011,AN Ahmed
2011,S Dhawan
2011,DPMD Jayawardene
2011,MS Wade
2011,S Anirudha
2011,MS Gony
2011,BB McCullum
2011,VR Aaron
2011,YK Pathan
2011,JE Taylor
2011,CJ Ferguson
2011,UBT Chand
2011,MEK Hussey
2011,AC Thomas
2011,DE Bollinger
2011,EJG Morgan
2011,R Vinay Kumar
2011,AM Rahane
2011,S Nadeem
2011,SD Chitnis
2011,DH Yagnik
2011,MD Mishra
2011,MK Pandey
2011,M Kartik
2011,S Sreesanth
2011,Y Venugopal Rao
2011,RA Jadeja
2011,SS Tiwary
2011,AB Agarkar
2011,RR Powar
2011,A Singh
2011,R Ashwin
2011,F du Plessis
2011,AC Gilchrist
2011,Mandeep Singh
2011,B Lee
2011,B Akhil
2011,Harpreet Singh
2011,AG Murtaza
2011,M Manhas
2011,PC Valthaty
2011,Y Nagar
2011,SA Asnodkar
2011,AT Rayudu
2011,NL McCullum
2011,Yuvraj Singh
2011,DA Warner
2011,NLTC Perera
2011,TL Suman
2011,Bipul Sharma
2011,AB de Villiers
2011,G Gambhir
2011,KD Karthik
2011,S Sohal
2011,MM Patel
2011,LRPL Taylor
2011,IR Jaggi
2011,MK Tiwary
2011,PR Shah
2011,AL Menaria
2011,MR Marsh
2011,CA Pujara
2011,R Bhatia
2011,JEC Franklin
2011,WD Parnell
2011,WP Saha
2011,RP Singh
2011,BJ Hodge
2011,Iqbal Abdulla
2011,KM Jadhav
2011,Harmeet Singh
2011,SC Ganguly
2011,Joginder Sharma
2011,DJ Bravo
2011,AM Nayar
2011,B Kumar
2011,PA Patel
2011,AC Blizzard
2011,L Balaji
2011,DL Vettori
2011,A Mishra
2011,Z Khan
2011,AB Dinda
2011,KC Sangakkara
2011,BA Bhatt
2011,MA Agarwal
2011,PP Chawla
2011,R Sharma
2011,SP Goswami
2012,SW Tait
2012,DA Miller
2012,DW Steyn
2012,UT Yadav
2012,AA Chavan
2012,M Muralitharan
2012,DS Kulkarni
2012,OA Shah
2012,LA Pomersbach
2012,STR Binny
2012,DJ Hussey
2012,DJ Jacobs
2012,SR Watson
2012,LR Shukla
2012,B Chipli
2012,MN Samuels
2012,JD Unadkat
2012,KMDN Kulasekara
2012,KK Cooper
2012,MS Bisla
2012,S Badrinath
2012,NV Ojha
2012,KP Pietersen
2012,DB Das
2012,AB McDonald
2012,V Kohli
2012,IK Pathan
2012,Shakib Al Hasan
2012,RN ten Doeschate
2012,S Aravind
2012,AUK Pathan
2012,Gurkeerat Singh
2012,DT Christian
2012,A Ashish Reddy
2012,RV Uthappa
2012,AJ Finch
2012,Ankit Sharma
2012,DB Ravi Teja
2012,JD Ryder
2012,SP Narine
2012,SK Raina
2012,RJ Harris
2012,SE Marsh
2012,Anand Rajan
2012,M Kaif
2012,SK Trivedi
2012,MS Dhoni
2012,J Botha
2012,M Morkel
2012,R Dravid
2012,RE van der Merwe
2012,CH Gayle
2012,RG Sharma
2012,SR Tendulkar
2012,A Nehra
2012,TM Dilshan
2012,M Vijay
2012,SPD Smith
2012,CL White
2012,JA Morkel
2012,Pankaj Singh
2012,JP Faulkner
2012,Azhar Mahmood
2012,SA Yadav
2012,PP Ojha
2012,JH Kallis
2012,P Kumar
2012,JP Duminy
2012,AD Mathews
2012,AD Mascarenhas
2012,AN Ahmed
2012,S Dhawan
2012,DPMD Jayawardene
2012,DR Smith
2012,S Anirudha
2012,A Chandila
2012,DAJ Bracewell
2012,MS Gony
2012,BB McCullum
2012,VR Aaron
2012,YK Pathan
2012,UBT Chand
2012,CJ Ferguson
2012,MEK Hussey
2012,AC Thomas
2012,DE Bollinger
2012,GB Hogg
2012,R Vinay Kumar
2012,AM Rahane
2012,S Nadeem
2012,P Negi
2012,GJ Maxwell
2012,SD Chitnis
2012,DH Yagnik
2012,N Saini
2012,MK Pandey
2012,MD Mishra
2012,CA Lynn
2012,Harbhajan Singh
2012,M Kartik
2012,Y Venugopal Rao
2012,CJ McKay
2012,RA Jadeja
2012,SS Tiwary
2012,AB Agarkar
2012,RR Powar
2012,A Singh
2012,P Awana
2012,R Ashwin
2012,AD Russell
2012,BW Hilfenhaus
2012,F du Plessis
2012,AC Gilchrist
2012,Mandeep Singh
2012,B Lee
2012,Harpreet Singh
2012,AG Murtaza
2012,K Upadhyay
2012,M Manhas
2012,PC Valthaty
2012,Y Nagar
2012,PJ Sangwan
2012,AT Rayudu
2012,V Sehwag
2012,VY Mahesh
2012,NLTC Perera
2012,DA Warner
2012,TL Suman
2012,Bipul Sharma
2012,AB de Villiers
2012,G Gambhir
2012,KD Karthik
2012,KA Pollard
2012,MM Patel
2012,LRPL Taylor
2012,IR Jaggi
2012,HH Gibbs
2012,MK Tiwary
2012,AL Menaria
2012,CA Pujara
2012,R Bhatia
2012,JEC Franklin
2012,SL Malinga
2012,WD Parnell
2012,WP Saha
2012,RP Singh
2012,BJ Hodge
2012,Iqbal Abdulla
2012,Harmeet Singh
2012,KP Appanna
2012,SC Ganguly
2012,DJ Bravo
2012,AM Nayar
2012,B Kumar
2012,HV Patel
2012,PA Patel
2012,AC Blizzard
2012,L Balaji
2012,DL Vettori
2012,A Mishra
2012,Z Khan
2012,AB Dinda
2012,KC Sangakkara
2012,MJ Clarke
2012,BA Bhatt
2012,MA Agarwal
2012,PP Chawla
2012,R Sharma
2012,SP Goswami
2013,SW Tait
2013,DA Miller
2013,DW Steyn
2013,UT Yadav
2013,AA Chavan
2013,M Muralitharan
2013,DS Kulkarni
2013,OA Shah
2013,S Kaul
2013,STR Binny
2013,DJ Hussey
2013,SR Watson
2013,LR Shukla
2013,B Chipli
2013,MN Samuels
2013,KK Cooper
2013,MS Bisla
2013,S Badrinath
2013,NV Ojha
2013,DB Das
2013,AB McDonald
2013,V Kohli
2013,IK Pathan
2013,IC Pandey
2013,RN ten Doeschate
2013,Gurkeerat Singh
2013,MG Johnson
2013,A Ashish Reddy
2013,RV Uthappa
2013,AJ Finch
2013,Ankit Sharma
2013,MM Sharma
2013,DB Ravi Teja
2013,I Sharma
2013,SP Narine
2013,SK Raina
2013,RJ Harris
2013,SE Marsh
2013,Anand Rajan
2013,P Suyal
2013,SK Trivedi
2013,MS Dhoni
2013,BAW Mendis
2013,M Morkel
2013,KK Nair
2013,R Dravid
2013,RE van der Merwe
2013,CH Gayle
2013,RG Sharma
2013,SR Tendulkar
2013,AR Patel
2013,A Nehra
2013,TM Dilshan
2013,M Vijay
2013,SPD Smith
2013,CL White
2013,JA Morkel
2013,Azhar Mahmood
2013,PP Ojha
2013,JH Kallis
2013,P Kumar
2013,AD Mathews
2013,AN Ahmed
2013,AD Mascarenhas
2013,DPMD Jayawardene
2013,S Dhawan
2013,DR Smith
2013,S Anirudha
2013,A Chandila
2013,BB McCullum
2013,YK Pathan
2013,UBT Chand
2013,MEK Hussey
2013,EJG Morgan
2013,R Vinay Kumar
2013,KL Rahul
2013,AM Rahane
2013,S Nadeem
2013,R Sharma
2013,GB Hogg
2013,P Negi
2013,DH Yagnik
2013,MK Pandey
2013,AS Rajpoot
2013,Harbhajan Singh
2013,M Kartik
2013,S Sreesanth
2013,RA Jadeja
2013,KV Sharma
2013,SS Tiwary
2013,Sandeep Sharma
2013,AB Agarkar
2013,AP Tare
2013,P Awana
2013,R Ashwin
2013,AD Russell
2013,AC Gilchrist
2013,Mandeep Singh
2013,B Lee
2013,AG Murtaza
2013,K Upadhyay
2013,M Manhas
2013,PC Valthaty
2013,PJ Sangwan
2013,AT Rayudu
2013,V Sehwag
2013,Mohammed Shami
2013,M Vohra
2013,GH Vihari
2013,DA Warner
2013,Yuvraj Singh
2013,TL Suman
2013,Bipul Sharma
2013,AB de Villiers
2013,G Gambhir
2013,KD Karthik
2013,KA Pollard
2013,MM Patel
2013,LRPL Taylor
2013,MK Tiwary
2013,SV Samson
2013,MR Marsh
2013,CA Pujara
2013,AL Menaria
2013,R Bhatia
2013,JJ Bumrah
2013,SL Malinga
2013,WD Parnell
2013,WP Saha
2013,M Rawat
2013,BJ Hodge
2013,Iqbal Abdulla
2013,KM Jadhav
2013,Harmeet Singh
2013,DJ Bravo
2013,R Dhawan
2013,B Kumar
2013,PA Patel
2013,L Balaji
2013,YS Chahal
2013,A Mishra
2013,Sachin Baby
2013,AB Dinda
2013,Z Khan
2013,KC Sangakkara
2013,BA Bhatt
2013,MA Agarwal
2013,PP Chawla
2013,PV Tambe
2014,DJ Hussey
2014,RR Rossouw
2014,LMP Simmons
2014,P Kumar
2014,Imran Tahir
2015,DA Miller
2015,DW Steyn
2015,UT Yadav
2015,DS Kulkarni
2015,STR Binny
2015,SR Watson
2015,MS Bisla
2015,NV Ojha
2015,CJ Anderson
2015,GJ Bailey
2015,V Kohli
2015,IC Pandey
2015,NJ Maddinson
2015,Shakib Al Hasan
2015,RN ten Doeschate
2015,S Aravind
2015,Gurkeerat Singh
2015,MG Johnson
2015,SN Thakur
2015,A Ashish Reddy
2015,RV Uthappa
2015,DJ Hooda
2015,Ankit Sharma
2015,MM Sharma
2015,R Tewatia
2015,I Sharma
2015,SP Narine
2015,SK Raina
2015,SE Marsh
2015,P Suyal
2015,MS Dhoni
2015,Q de Kock
2015,TG Southee
2015,J Botha
2015,RR Rossouw
2015,M Morkel
2015,KK Nair
2015,CH Gayle
2015,AR Patel
2015,A Nehra
2015,LMP Simmons
2015,MA Starc
2015,SPD Smith
2015,JP Faulkner
2015,Azhar Mahmood
2015,SA Yadav
2015,JP Duminy
2015,AN Ahmed
2015,S Dhawan
2015,DR Smith
2015,BB McCullum
2015,VR Aaron
2015,YK Pathan
2015,UBT Chand
2015,KL Rahul
2015,AM Rahane
2015,S Nadeem
2015,R Vinay Kumar
2015,GJ Maxwell
2015,P Negi
2015,MK Pandey
2015,Harbhajan Singh
2015,RA Jadeja
2015,KV Sharma
2015,SS Tiwary
2015,Sandeep Sharma
2015,Karanveer Singh
2015,BB Sran
2015,AP Tare
2015,R Ashwin
2015,AD Russell
2015,F du Plessis
2015,Mandeep Singh
2015,MC Henriques
2015,AT Rayudu
2015,V Sehwag
2015,M Vohra
2015,DA Warner
2015,NLTC Perera
2015,BE Hendricks
2015,Bipul Sharma
2015,AB de Villiers
2015,G Gambhir
2015,KA Pollard
2015,MK Tiwary
2015,SV Samson
2015,NM Coulter-Nile
2015,JJ Bumrah
2015,R Bhatia
2015,SL Malinga
2015,PJ Cummins
2015,WP Saha
2015,Imran Tahir
2015,Iqbal Abdulla
2015,KM Jadhav
2015,DJ Bravo
2015,R Dhawan
2015,Anureet Singh
2015,HV Patel
2015,B Kumar
2015,PA Patel
2015,YS Chahal
2015,AB Dinda
2015,Shivam Sharma
2015,MA Agarwal
2015,PP Chawla
2015,S Gopal
2015,PV Tambe
2015,J Yadav
2016,DA Miller
2016,Kuldeep Yadav
2016,MJ Guptill
2016,UT Yadav
2016,SN Khan
2016,KS Williamson
2016,NV Ojha
2016,GJ Bailey
2016,V Kohli
2016,N Rana
2016,Shakib Al Hasan
2016,S Aravind
2016,Gurkeerat Singh
2016,MG Johnson
2016,A Ashish Reddy
2016,RV Uthappa
2016,MJ McClenaghan
2016,NS Naik
2016,J Suchith
2016,SP Narine
2016,SK Raina
2016,SE Marsh
2016,MS Dhoni
2016,Q de Kock
2016,CJ Jordan
2016,M Morkel
2016,CH Gayle
2016,RG Sharma
2016,AR Patel
2016,LMP Simmons
2016,M Vijay
2016,SPD Smith
2016,JA Morkel
2016,JP Faulkner
2016,SA Yadav
2016,JP Duminy
2016,S Dhawan
2016,BB McCullum
2016,VR Aaron
2016,TA Boult
2016,YK Pathan
2016,UBT Chand
2016,EJG Morgan
2016,R Vinay Kumar
2016,KL Rahul
2016,AM Rahane
2016,S Nadeem
2016,GB Hogg
2016,GJ Maxwell
2016,MK Pandey
2016,CA Lynn
2016,RA Jadeja
2016,KV Sharma
2016,AF Milne
2016,SS Tiwary
2016,Sandeep Sharma
2016,T Shamsi
2016,HM Amla
2016,R Ashwin
2016,AD Russell
2016,HH Pandya
2016,F du Plessis
2016,Mandeep Singh
2016,MC Henriques
2016,AT Rayudu
2016,SS Iyer
2016,Mohammed Shami
2016,M Vohra
2016,DA Warner
2016,Bipul Sharma
2016,AB de Villiers
2016,G Gambhir
2016,KA Pollard
2016,NM Coulter-Nile
2016,D Wiese
2016,JJ Bumrah
2016,WP Saha
2016,Imran Tahir
2016,KM Jadhav
2016,DJ Bravo
2016,R Dhawan
2016,Anureet Singh
2016,B Kumar
2016,HV Patel
2016,PA Patel
2016,YS Chahal
2016,Z Khan
2016,MA Agarwal
2016,PP Chawla
2016,S Gopal
2016,J Yadav
2017,DA Miller
2017,Kuldeep Yadav
2017,UT Yadav
2017,DS Kulkarni
2017,S Kaul
2017,STR Binny
2017,V Shankar
2017,SR Watson
2017,MN Samuels
2017,KS Williamson
2017,NV Ojha
2017,V Kohli
2017,IK Pathan
2017,N Rana
2017,Shakib Al Hasan
2017,S Aravind
2017,Gurkeerat Singh
2017,SN Thakur
2017,RV Uthappa
2017,MJ McClenaghan
2017,AJ Finch
2017,KH Pandya
2017,DJ Hooda
2017,TM Head
2017,Ankit Sharma
2017,MM Sharma
2017,I Sharma
2017,J Suchith
2017,SP Narine
2017,Avesh Khan
2017,SK Raina
2017,SE Marsh
2017,MS Dhoni
2017,TG Southee
2017,KK Nair
2017,CH Gayle
2017,RG Sharma
2017,AR Patel
2017,A Nehra
2017,LMP Simmons
2017,SPD Smith
2017,Vishnu Vinod
2017,JP Faulkner
2017,SA Yadav
2017,P Kumar
2017,SP Jackson
2017,S Dhawan
2017,DR Smith
2017,BB McCullum
2017,YK Pathan
2017,KC Cariappa
2017,R Vinay Kumar
2017,AM Rahane
2017,S Nadeem
2017,GJ Maxwell
2017,CH Morris
2017,MK Pandey
2017,AS Rajpoot
2017,CA Lynn
2017,Harbhajan Singh
2017,Mustafizur Rahman
2017,MP Stoinis
2017,RA Jadeja
2017,Washington Sundar
2017,AF Milne
2017,JC Buttler
2017,Sandeep Sharma
2017,BB Sran
2017,HM Amla
2017,HH Pandya
2017,F du Plessis
2017,Mandeep Singh
2017,AJ Tye
2017,MC Henriques
2017,RR Pant
2017,PJ Sangwan
2017,AT Rayudu
2017,SS Iyer
2017,Mohammed Shami
2017,M Vohra
2017,Yuvraj Singh
2017,DA Warner
2017,Bipul Sharma
2017,AB de Villiers
2017,G Gambhir
2017,KA Pollard
2017,KD Karthik
2017,SV Samson
2017,C de Grandhomme
2017,Ishan Kishan
2017,JJ Bumrah
2017,R Bhatia
2017,Swapnil Singh
2017,CR Brathwaite
2017,SL Malinga
2017,BCJ Cutting
2017,WP Saha
2017,Imran Tahir
2017,Iqbal Abdulla
2017,KM Jadhav
2017,SW Billings
2017,DL Chahar
2017,Anureet Singh
2017,B Kumar
2017,HV Patel
2017,PA Patel
2017,YS Chahal
2017,A Mishra
2017,Sachin Baby
2017,AB Dinda
2017,Z Khan
2017,MA Agarwal
2017,A Zampa
2017,PP Chawla
2017,J Yadav
2018,AD Hales
2018,DJ Willey
2018,CJ Anderson
2018,MJ McClenaghan
2018,H Klaasen
2018,KK Ahmed
2018,TK Curran
2018,IS Sodhi
2018,M Prasidh Krishna
2019,DA Miller
2019,Kuldeep Yadav
2019,DW Steyn
2019,UT Yadav
2019,DS Kulkarni
2019,RK Singh
2019,S Kaul
2019,S Sandeep Warrier
2019,STR Binny
2019,E Lewis
2019,Mohammed Siraj
2019,V Shankar
2019,SR Watson
2019,KS Williamson
2019,MJ Santner
2019,V Kohli
2019,N Rana
2019,Shakib Al Hasan
2019,Mujeeb Ur Rahman
2019,SN Thakur
2019,RV Uthappa
2019,MJ McClenaghan
2019,KH Pandya
2019,DJ Hooda
2019,Basil Thampi
2019,AS Joseph
2019,R Tewatia
2019,J Suchith
2019,SP Narine
2019,Avesh Khan
2019,SK Raina
2019,RD Chahar
2019,MS Dhoni
2019,Q de Kock
2019,TG Southee
2019,KK Nair
2019,JC Archer
2019,CH Gayle
2019,RG Sharma
2019,M Vijay
2019,SPD Smith
2019,KK Ahmed
2019,M Markande
2019,SA Yadav
2019,S Dhawan
2019,AS Roy
2019,MM Ali
2019,BA Stokes
2019,TA Boult
2019,YK Pathan
2019,Abhishek Sharma
2019,KC Cariappa
2019,KL Rahul
2019,AM Rahane
2019,S Nadeem
2019,P Negi
2019,CH Morris
2019,MK Pandey
2019,AS Rajpoot
2019,CA Lynn
2019,Harbhajan Singh
2019,C Munro
2019,IS Sodhi
2019,MP Stoinis
2019,Navdeep Saini
2019,RA Jadeja
2019,Washington Sundar
2019,KV Sharma
2019,K Gowtham
2019,JC Buttler
2019,Sandeep Sharma
2019,K Khejroliya
2019,R Ashwin
2019,AD Russell
2019,HH Pandya
2019,F du Plessis
2019,Mandeep Singh
2019,AJ Tye
2019,RR Pant
2019,DR Shorey
2019,AT Rayudu
2019,SS Iyer
2019,RK Bhui
2019,K Rabada
2019,DA Warner
2019,S Midhun
2019,PP Shaw
2019,AB de Villiers
2019,RA Tripathi
2019,KA Pollard
2019,KD Karthik
2019,SV Samson
2019,C de Grandhomme
2019,Ishan Kishan
2019,JJ Bumrah
2019,BCJ Cutting
2019,JP Behrendorff
2019,Imran Tahir
2019,MK Lomror
2019,Shubman Gill
2019,KM Jadhav
2019,Rashid Khan
2019,SW Billings
2019,DJ Bravo
2019,DL Chahar
2019,M Prasidh Krishna
2019,B Kumar
2019,HV Patel
2019,PA Patel
2019,YS Chahal
2019,A Mishra
2019,MA Agarwal
2019,PP Chawla
2019,S Gopal
2019,J Yadav
2020,Kuldeep Yadav
2020,UT Yadav
2020,SN Khan
2020,DS Kulkarni
2020,RK Singh
2020,LH Ferguson
2020,S Kaul
2020,S Sandeep Warrier
2020,Mohammed Siraj
2020,Shivam Mavi
2020,V Shankar
2020,SR Watson
2020,KS Williamson
2020,A Nortje
2020,MJ Santner
2020,V Kohli
2020,N Rana
2020,KMA Paul
2020,D Padikkal
2020,Mujeeb Ur Rahman
2020,Gurkeerat Singh
2020,SN Thakur
2020,KH Pandya
2020,JL Pattinson
2020,Basil Thampi
2020,R Tewatia
2020,I Sharma
2020,J Suchith
2020,SP Narine
2020,Avesh Khan
2020,R Parag
2020,N Jagadeesan
2020,RD Chahar
2020,MS Dhoni
2020,Q de Kock
2020,KK Nair
2020,JC Archer
2020,JM Bairstow
2020,S Dube
2020,CH Gayle
2020,RG Sharma
2020,L Ngidi
2020,AR Patel
2020,DR Sams
2020,M Vijay
2020,SPD Smith
2020,RD Gaikwad
2020,JO Holder
2020,KK Ahmed
2020,S Dhawan
2020,AS Roy
2020,MM Ali
2020,BA Stokes
2020,VR Aaron
2020,TA Boult
2020,M Ashwin
2020,Abhishek Sharma
2020,KL Rahul
2020,AM Rahane
2020,S Nadeem
2020,P Negi
2020,MK Pandey
2020,AS Rajpoot
2020,Navdeep Saini
2020,RA Jadeja
2020,Washington Sundar
2020,KV Sharma
2020,K Gowtham
2020,JC Buttler
2020,Sandeep Sharma
2020,T Natarajan
2020,R Ashwin
2020,HH Pandya
2020,AD Russell
2020,F du Plessis
2020,Mandeep Singh
2020,Arshdeep Singh
2020,RR Pant
2020,AT Rayudu
2020,SS Iyer
2020,Mohammed Shami
2020,K Rabada
2020,N Pooran
2020,DA Warner
2020,PP Shaw
2020,AB de Villiers
2020,KA Pollard
2020,KD Karthik
2020,SV Samson
2020,Ishan Kishan
2020,JJ Bumrah
2020,WP Saha
2020,Imran Tahir
2020,MK Lomror
2020,Shubman Gill
2020,KM Jadhav
2020,Rashid Khan
2020,DJ Bravo
2020,DL Chahar
2020,M Prasidh Krishna
2020,Harpreet Brar
2020,HV Patel
2020,B Kumar
2020,KL Nagarkoti
2020,YS Chahal
2020,A Mishra
2020,MA Agarwal
2020,A Zampa
2020,S Gopal
2020,SP Goswami
2020,J Yadav
2021,DA Miller
2021,Anuj Rawat
2021,SN Khan
2021,DS Kulkarni
2021,LH Ferguson
2021,S Kaul
2021,GD Phillips
2021,S Sandeep Warrier
2021,CR Woakes
2021,Shivam Mavi
2021,E Lewis
2021,Shahbaz Ahmed
2021,Mohammed Siraj
2021,JR Hazlewood
2021,V Shankar
2021,YBK Jaiswal
2021,KS Williamson
2021,JD Unadkat
2021,A Nortje
2021,Umran Malik
2021,JJ Roy
2021,MJ Santner
2021,V Kohli
2021,N Rana
2021,D Padikkal
2021,SN Thakur
2021,RV Uthappa
2021,DJ Hooda
2021,KH Pandya
2021,R Tewatia
2021,Kartik Tyagi
2021,AU Rashid
2021,I Sharma
2021,SO Hetmyer
2021,SP Narine
2021,Avesh Khan
2021,SK Raina
2021,Abdul Samad
2021,R Parag
2021,RD Chahar
2021,MS Dhoni
2021,Q de Kock
2021,CJ Jordan
2021,TG Southee
2021,JM Bairstow
2021,CH Gayle
2021,RG Sharma
2021,L Ngidi
2021,AR Patel
2021,DR Sams
2021,GHS Garton
2021,RD Gaikwad
2021,JO Holder
2021,KK Ahmed
2021,M Markande
2021,SA Yadav
2021,TH David
2021,S Dhawan
2021,AS Roy
2021,Ravi Bishnoi
2021,BA Stokes
2021,TA Boult
2021,M Ashwin
2021,Abhishek Sharma
2021,EJG Morgan
2021,KL Rahul
2021,AM Rahane
2021,S Nadeem
2021,AK Markram
2021,MK Pandey
2021,CA Lynn
2021,P Simran Singh
2021,MP Stoinis
2021,Navdeep Saini
2021,RA Jadeja
2021,Washington Sundar
2021,SS Tiwary
2021,JC Buttler
2021,Sandeep Sharma
2021,SM Curran
2021,CV Varun
2021,T Natarajan
2021,T Shamsi
2021,R Ashwin
2021,AD Russell
2021,HH Pandya
2021,F du Plessis
2021,Mandeep Singh
2021,Arshdeep Singh
2021,RR Pant
2021,AT Rayudu
2021,SS Iyer
2021,Mohammed Shami
2021,K Rabada
2021,N Pooran
2021,M Vohra
2021,DA Warner
2021,PP Shaw
2021,RA Tripathi
2021,AB de Villiers
2021,KA Pollard
2021,KD Karthik
2021,Lalit Yadav
2021,PK Garg
2021,SV Samson
2021,Ishan Kishan
2021,JJ Bumrah
2021,PJ Cummins
2021,WP Saha
2021,Imran Tahir
2021,PWH de Silva
2021,NT Ellis
2021,MK Lomror
2021,Shubman Gill
2021,Rashid Khan
2021,Virat Singh
2021,J Yadav
2021,DJ Bravo
2021,DL Chahar
2021,M Prasidh Krishna
2021,Harpreet Brar
2021,HV Patel
2021,B Kumar
2021,Anmolpreet Singh
2021,KL Nagarkoti
2021,YS Chahal
2021,A Mishra
2021,MA Agarwal
2021,S Gopal
2022,R Sanjay Yadav
2022,Ramandeep Singh
2022,AJ Finch
2022,T Stubbs
2022,KK Ahmed
2022,Harshit Rana
2022,AJ Tye
2022,M Pathirana
2022,PWH de Silva
2022,A Manohar
2022,K Kartikeya
2023,HR Shokeen
2023,DA Miller
2023,Kuldeep Yadav
2023,Anuj Rawat
2023,A Badoni
2023,UT Yadav
2023,SN Khan
2023,RK Singh
2023,LH Ferguson
2023,DJ Willey
2023,GD Phillips
2023,JM Sharma
2023,Mohsin Khan
2023,JR Hazlewood
2023,Mohammed Siraj
2023,Shahbaz Ahmed
2023,V Shankar
2023,YBK Jaiswal
2023,A Nortje
2023,Umran Malik
2023,Arjun Tendulkar
2023,Ramandeep Singh
2023,JJ Roy
2023,MJ Santner
2023,Yash Dayal
2023,Rahmanullah Gurbaz
2023,Akash Deep
2023,V Kohli
2023,N Rana
2023,D Padikkal
2023,Tilak Varma
2023,SN Thakur
2023,Fazalhaq Farooqi
2023,KH Pandya
2023,DJ Hooda
2023,AS Joseph
2023,C Sakariya
2023,M Theekshana
2023,R Tewatia
2023,Kartik Tyagi
2023,SO Hetmyer
2023,SP Narine
2023,Avesh Khan
2023,Abdul Samad
2023,Gurnoor Brar
2023,T Stubbs
2023,MA Wood
2023,R Parag
2023,N Jagadeesan
2023,RD Chahar
2023,MS Dhoni
2023,Q de Kock
2023,CJ Jordan
2023,MG Bracewell
2023,DG Nalkande
2023,TG Southee
2023,JC Archer
2023,S Dube
2023,RG Sharma
2023,AR Patel
2023,RD Gaikwad
2023,KK Ahmed
2023,SA Yadav
2023,Akash Madhwal
2023,DP Conway
2023,TH David
2023,S Dhawan
2023,AS Roy
2023,Yudhvir Singh
2023,MM Ali
2023,Ravi Bishnoi
2023,Atharva Taide
2023,RV Patel
2023,TA Boult
2023,Abhishek Sharma
2023,OC McCoy
2023,MD Shanaka
2023,KL Rahul
2023,Akash Singh
2023,KS Sharma
2023,GJ Maxwell
2023,AK Markram
2023,Mustafizur Rahman
2023,LS Livingstone
2023,Harshit Rana
2023,P Simran Singh
2023,MP Stoinis
2023,Navdeep Saini
2023,RA Jadeja
2023,Washington Sundar
2023,KV Sharma
2023,K Gowtham
2023,JC Buttler
2023,Sandeep Sharma
2023,CV Varun
2023,T Natarajan
2023,Dhruv Jurel
2023,R Ashwin
2023,HH Pandya
2023,AD Russell
2023,F du Plessis
2023,Abishek Porel
2023,Harpreet Singh
2023,Arshdeep Singh
2023,AT Rayudu
2023,TU Deshpande
2023,Mohammed Shami
2023,K Rabada
2023,M Jansen
2023,DA Warner
2023,M Vohra
2023,PP Shaw
2023,RA Tripathi
2023,Arshad Khan
2023,KD Karthik
2023,R Powell
2023,Lalit Yadav
2023,B Sai Sudharsan
2023,PK Garg
2023,M Pathirana
2023,SV Samson
2023,MR Marsh
2023,Ishan Kishan
2023,Swapnil Singh
2023,WD Parnell
2023,JP Behrendorff
2023,WP Saha
2023,PWH de Silva
2023,Noor Ahmad
2023,NT Ellis
2023,SS Prabhudessai
2023,MK Lomror
2023,RP Meredith
2023,Shubman Gill
2023,KM Jadhav
2023,Rashid Khan
2023,J Yadav
2023,DL Chahar
2023,Vijaykumar Vyshak
2023,Harpreet Brar
2023,R Dhawan
2023,A Manohar
2023,B Kumar
2023,HV Patel
2023,D Pretorius
2023,YS Chahal
2023,VR Iyer
2023,K Kartikeya
2023,KR Sen
2023,PBB Rajapaksa
2023,M Shahrukh Khan
2024,DA Miller
2024,Anuj Rawat
2024,A Badoni
2024,Naveen-ul-Haq
2024,RK Singh
2024,JM Sharma
2024,RJW Topley
2024,Mohsin Khan
2024,Yash Thakur
2024,Mohammed Siraj
2024,Shahbaz Ahmed
2024,V Shankar
2024,YBK Jaiswal
2024,KS Williamson
2024,A Nortje
2024,Arjun Tendulkar
2024,Umran Malik
2024,MJ Santner
2024,Rahmanullah Gurbaz
2024,Akash Deep
2024,V Kohli
2024,R Sai Kishore
2024,N Rana
2024,D Padikkal
2024,Tilak Varma
2024,H Klaasen
2024,WG Jacks
2024,DJ Hooda
2024,KH Pandya
2024,M Theekshana
2024,MM Sharma
2024,R Tewatia
2024,Mukesh Choudhary
2024,I Sharma
2024,SO Hetmyer
2024,SP Narine
2024,Avesh Khan
2024,Abdul Samad
2024,R Parag
2024,RD Chahar
2024,Sanvir Singh
2024,MS Dhoni
2024,Q de Kock
2024,DG Nalkande
2024,S Dube
2024,JM Bairstow
2024,RG Sharma
2024,RD Gaikwad
2024,Mukesh Kumar
2024,Suyash Sharma
2024,KK Ahmed
2024,M Markande
2024,SA Yadav
2024,Akash Madhwal
2024,N Wadhera
2024,Mayank Dagar
2024,TH David
2024,S Dhawan
2024,MS Wade
2024,Yudhvir Singh
2024,AS Roy
2024,MM Ali
2024,VG Arora
2024,Ravi Bishnoi
2024,Atharva Taide
2024,TA Boult
2024,J Little
2024,C Green
2024,Abhishek Sharma
2024,KL Rahul
2024,AM Rahane
2024,GJ Maxwell
2024,AK Markram
2024,H Sharma
2024,LS Livingstone
2024,Harshit Rana
2024,P Simran Singh
2024,MP Stoinis
2024,RA Jadeja
2024,Washington Sundar
2024,KV Sharma
2024,K Gowtham
2024,JC Buttler
2024,Sandeep Sharma
2024,CV Varun
2024,T Natarajan
2024,Dhruv Jurel
2024,R Ashwin
2024,AD Russell
2024,HH Pandya
2024,F du Plessis
2024,Abishek Porel
2024,Harpreet Singh
2024,Arshdeep Singh
2024,RR Pant
2024,TU Deshpande
2024,SS Iyer
2024,K Rabada
2024,N Pooran
2024,M Jansen
2024,DA Warner
2024,Simarjeet Singh
2024,PP Shaw
2024,RA Tripathi
2024,Arshad Khan
2024,KD Karthik
2024,B Sai Sudharsan
2024,M Pathirana
2024,SV Samson
2024,MR Marsh
2024,Ishan Kishan
2024,JJ Bumrah
2024,WP Saha
2024,Noor Ahmad
2024,NT Ellis
2024,SS Prabhudessai
2024,MK Lomror
2024,Shubman Gill
2024,Rashid Khan
2024,DL Chahar
2024,Vijaykumar Vyshak
2024,Harpreet Brar
2024,R Dhawan
2024,A Manohar
2024,B Kumar
2024,Anmolpreet Singh
2024,YS Chahal
2024,A Mishra
2024,VR Iyer
2024,Sikandar Raza
2024,KR Sen
2024,MA Agarwal
2024,PP Chawla
2025,Urvil Patel
2025,PWA Mulder
2025,Mujeeb Ur Rahman
2025,SN Thakur
2025,C Sakariya
2025,JM Bairstow
2025,Mustafizur Rahman
2025,Harsh Dubey
2025,PWH de Silva
2025,MA Agarwal
2025,KA Jamieson
